[
  {
    "id": "smartwatch-m9",
    "name": "Smartwatch M9",
    "price": 189.9,
    "category": "relogios",
    "images": [
      "assets/arte-smartwatch.jpg"
    ],
    "description": "Tecnologia, estilo e praticidade no seu pulso."
  },
  {
    "id": "relogio-digital",
    "name": "Relógio Digital LED (Oferta)",
    "price": 79.9,
    "originalPrice": 129.9,
    "category": "relogios",
    "images": [
      "assets/relogio-digital.jpg",
      "assets/relogio-digital-2.webp"
    ],
    "description": "Relógio digital esportivo, confortável e resistente. Oferta por tempo limitado."
  },
  {
    "id": "luminaria-lua",
    "name": "Luminária Lua",
    "price": 59.9,
    "category": "decor",
    "images": [
      "assets/lua-umidificador.jpg"
    ],
    "description": "Luminária temática para decorar seu ambiente."
  },
  {
    "id": "umidificador-astronauta",
    "name": "Umidificador Astronauta (Mega Oferta)",
    "price": 59.9,
    "originalPrice": 129.9,
    "category": "decor",
    "images": [
      "assets/SaveClip.App_617398552_17858356845594529_5367524789386729616_n.jpg",
      "assets/SaveClip.App_614582877_17858356854594529_3890824448854941767_n.jpg",
      "assets/SaveClip.App_612407789_17858356869594529_8488093288935078756_n.jpg"
    ],
    "description": "Decoração, bem-estar e luzes do universo no seu quarto!"
  },
  {
    "id": "projetor-estrelas-astronauta",
    "name": "Projetor de Estrelas Astronauta (Oferta)",
    "price": 100.0,
    "originalPrice": 159.9,
    "category": "decor",
    "images": [
      "assets/projetor-astronauta.jpg"
    ],
    "description": "Projeção de estrelas e nebulosas. Perfeito para quarto, festa e relaxar."
  },
  {
    "id": "camera-seguranca-360",
    "name": "Câmera de Segurança Wi‑Fi 360° (Externa/Interna)",
    "price": 359.9,
    "category": "seguranca",
    "images": [
      "assets/camera-seguranca-360.jpg"
    ],
    "description": "Câmera de segurança interna e externa, rotação 360°, visão noturna. Proteção para seu lar.",
    "promoPrice": null,
    "tag": "PROTEÇÃO"
  },
  {
    "id": "mochila-feminina-couro",
    "name": "Mochila Feminina Couro (Oferta)",
    "price": 99.9,
    "originalPrice": 139.9,
    "category": "mochilas",
    "images": [
      "assets/mochila-feminina.png"
    ],
    "description": "Mochila feminina estilo couro. Oferta especial."
  },
  {
    "id": "fone-ouvido",
    "name": "Fone de Ouvido",
    "price": 39.9,
    "category": "fones",
    "images": [
      "assets/fone-ouvido.jpg"
    ],
    "description": "Fone prático para o dia a dia."
  },
  {
    "id": "bone-country",
    "name": "Bonés Country (TXC / Texas Farm) - Oferta",
    "price": 49.9,
    "originalPrice": 89.9,
    "category": "acessorios",
    "images": [
      "assets/bone-country.jpg"
    ],
    "description": "Vários modelos. Oferta limitada."
  },
  {
    "id": "receptor-bluetooth-usb-p2",
    "name": "Receptor Bluetooth USB/P2",
    "price": 29.9,
    "category": "acessorios",
    "images": [
      "assets/placeholder.png"
    ],
    "description": "Transforme seu som em Bluetooth. Ideal para carro e caixas de som."
  },
  {
    "id": "chaveiro-stitch-3d",
    "name": "Chaveiro Stitch 3D (6cm x 6cm)",
    "price": 19.9,
    "category": "chaveiros",
    "images": [
      "assets/chaveiro-stitch.jpg"
    ],
    "description": "Robusto, lindo e perfeito para chave, mochila e presente."
  },
  {
    "id": "chaveiro-capivara",
    "name": "Chaveiro Capivara",
    "price": 19.9,
    "category": "chaveiros",
    "images": [
      "assets/placeholder.png"
    ],
    "description": "Modelos variados. Foto em breve."
  },
  {
    "id": "pelucias-diversas",
    "name": "Pelúcias Diversas",
    "price": 29.9,
    "category": "pelucias",
    "images": [
      "assets/placeholder.png"
    ],
    "description": "Modelos variados. Foto em breve."
  },
  {
    "id": "cartao-memoria-16gb",
    "name": "Cartão de Memória MasterDrive 16 GB",
    "price": 59.9,
    "category": "eletronicos",
    "images": [
      "assets/cartao-memoria-16gb.jpg"
    ],
    "description": "Cartão de memória com adaptador."
  },
  {
    "id": "cartao-memoria-8gb",
    "name": "Cartão de Memória MasterDrive 8 GB",
    "price": 45.9,
    "category": "eletronicos",
    "images": [
      "assets/cartao-memoria-8gb.webp"
    ],
    "description": "Cartão de memória com adaptador."
  },
  {
    "id": "bracelete-preto-esportivo",
    "name": "Bracelete Preto Esportivo",
    "price": 49.9,
    "category": "acessorios",
    "images": [
      "assets/placeholder.png"
    ],
    "description": "Pulseira/bracelete esportivo preto."
  },
  {
    "id": "carregador-tipo-c",
    "name": "Carregador Tipo C",
    "price": 49.9,
    "category": "eletronicos",
    "images": [
      "assets/placeholder.png"
    ],
    "description": "Carregador Tipo C. Foto em breve."
  },
  {
    "id": "carregador-iphone",
    "name": "Carregador iPhone",
    "price": 59.9,
    "category": "eletronicos",
    "images": [
      "assets/placeholder.png"
    ],
    "description": "Carregador iPhone. Foto em breve."
  },
  {
    "id": "controle-universal",
    "name": "Controle Universal",
    "price": 39.9,
    "category": "eletronicos",
    "images": [
      "assets/products/controle-universal.jpg"
    ],
    "description": "Controle universal para TV/Smart TV (vários modelos).",
    "promoPrice": null
  },
  {
    "id": "powerbank-itblue-20000",
    "name": "Power Bank It‑Blue 20.000mAh (Oferta)",
    "price": 229.9,
    "originalPrice": 229.9,
    "category": "eletronicos",
    "images": [
      "assets/products/powerbank-itblue-20000.jpg"
    ],
    "description": "Power bank IT‑BLUE 20.000mAh. Prático para o dia a dia.",
    "promoPrice": 159.9,
    "tag": "OFERTA"
  },
  {
    "id": "oculos-corrida-espelhado",
    "name": "Óculos Corrida Esportivo Espelhado (Oferta)",
    "price": 89.9,
    "originalPrice": 89.9,
    "category": "acessorios",
    "images": [
      "assets/products/oculos-corrida-espelhado.jpg"
    ],
    "description": "Óculos esportivo espelhado para corrida/ciclismo.",
    "promoPrice": 69.9,
    "tag": "OFERTA"
  },
  {
    "id": "oculos-branco-espelhado",
    "name": "Óculos Branco Esportivo Espelhado (Oferta)",
    "price": 89.9,
    "originalPrice": 89.9,
    "category": "acessorios",
    "images": [
      "assets/products/oculos-branco-espelhado.jpg"
    ],
    "description": "Óculos esportivo espelhado com detalhes brancos.",
    "promoPrice": 69.9,
    "tag": "OFERTA"
  },
  {
    "id": "perfume-good-girl",
    "name": "Perfume Importado Good Girl",
    "price": 129.9,
    "category": "perfumes",
    "images": [
      "assets/products/perfume-good-girl-preto.jpg",
      "assets/products/perfume-good-girl-claro.jpg"
    ],
    "description": "Perfume feminino importado (inspirado Good Girl). Fixação prolongada.",
    "promoPrice": 70.0,
    "tag": "OFERTA"
  },
  {
    "id": "teclado-gamer-rgb",
    "name": "Teclado Gamer RGB (Oferta)",
    "price": 169.9,
    "originalPrice": 169.9,
    "category": "eletronicos",
    "images": [
      "assets/products/teclado-gamer-rgb.jpg"
    ],
    "description": "Teclado gamer single hand com iluminação RGB.",
    "promoPrice": 139.9,
    "tag": "OFERTA"
  },
  {
    "id": "caixa-som-roda-azul",
    "name": "Caixa de Som Roda Azul (Oferta)",
    "price": 159.9,
    "originalPrice": 159.9,
    "category": "eletronicos",
    "images": [
      "assets/products/caixa-som-roda-azul.jpg"
    ],
    "description": "Caixa de som estilo roda (wireless). Som potente e design diferente.",
    "promoPrice": 125.0,
    "tag": "OFERTA"
  },
  {
    "id": "ring-light-pequeno",
    "name": "Ring Light Pequeno",
    "price": 159.9,
    "category": "eletronicos",
    "images": [
      "assets/placeholder.png"
    ],
    "description": "Iluminação profissional. Foto em breve."
  },
  {
    "id": "ring-light-medio",
    "name": "Ring Light Médio",
    "price": 250.0,
    "category": "eletronicos",
    "images": [
      "assets/placeholder.png"
    ],
    "description": "Iluminação profissional. Foto em breve."
  },
  {
    "id": "ring-light-extra-grande",
    "name": "Ring Light Extra Grande",
    "price": 359.9,
    "category": "eletronicos",
    "images": [
      "assets/placeholder.png"
    ],
    "description": "Iluminação profissional. Foto em breve."
  }
]